日期,区域,产品类别,客户类型,销量,销售额,促销标识,备注
2025/2/21,西南,家居用品,个人,11,3011.416855,0,正常
2025/1/15,华北,家居用品,企业,14,2840.598071,1,正常
2025/3/13,华东,服装鞋帽,个人,60,26547.6639,1,正常
2025/3/2,华东,服装鞋帽,企业,30,8855.444748,0,正常
2025/1/21,华东,电子产品,企业,35,,0,正常
2025/3/24,华北,电子产品,个人,85,33094.61877,1,正常
2025/3/28,华东,服装鞋帽,经销商,37,2148.795548,0,正常
2025/3/16,西南,服装鞋帽,经销商,5,534.0710113,0,正常
2025/3/16,华北,家居用品,企业,-12,-4161.998579,0,正常
2025/3/29,西北,家居用品,个人,78,,1,换货
2025/1/24,华北,家居用品,个人,26,4289.272132,1,正常
2025/1/3,西南,服装鞋帽,企业,62,29511.19892,0,正常
2025/1/22,西北,食品饮料,经销商,4,1208.328065,0,换货
2025/2/22,华北,服装鞋帽,个人,89,34516.71676,0,正常
2025/1/2,华东,服装鞋帽,经销商,42,12645.83596,0,正常
2025/3/29,华南,家居用品,经销商,89,26578.17027,1,正常
2025/1/30,华南,服装鞋帽,企业,18,1662.630472,0,正常
2025/2/7,华东,电子产品,企业,40,8185.937467,0,正常
2025/1/2,华南,服装鞋帽,经销商,72,12750.76112,0,正常
2025/3/5,华南,服装鞋帽,个人,39,8807.282817,1,正常
2025/3/1,华东,服装鞋帽,个人,14,5729.568386,0,正常
2025/1/21,华东,服装鞋帽,企业,32,,0,正常
2025/2/2,华北,食品饮料,经销商,51,12916.442,0,换货
2025/3/17,华北,服装鞋帽,个人,38,,0,正常
2025/2/27,华东,电子产品,个人,97,8927.257977,0,正常
2025/1/22,西南,电子产品,企业,23,5715.096838,0,正常
2025/3/30,华南,服装鞋帽,经销商,-3,-414.0725186,0,正常
2025/2/18,华北,家居用品,个人,15,2010.382246,1,正常
2025/2/28,华南,食品饮料,企业,97,8954.675959,1,正常
2025/2/11,西北,服装鞋帽,个人,25,5262.548459,1,正常
2025/3/1,华东,服装鞋帽,个人,17,6644.736419,0,退货
2025/3/21,西南,服装鞋帽,个人,97,16916.67979,1,正常
2025/1/15,西北,家居用品,企业,66,,0,正常
2025/3/3,西北,家居用品,经销商,78,,0,正常
2025/3/3,西北,家居用品,企业,53,,0,正常
2025/2/16,华东,食品饮料,经销商,51,23135.1845,0,正常
2025/3/3,华北,电子产品,个人,39,11079.34368,0,正常
2025/2/20,华东,食品饮料,经销商,51,12822.48748,0,正常
2025/2/24,华北,家居用品,个人,70,21071.33605,0,正常
2025/3/5,西北,电子产品,个人,6,748.2926462,0,正常
2025/1/3,西北,电子产品,企业,67,21846.21513,0,正常
2025/2/20,西南,家居用品,个人,7,1493.76732,0,正常
2025/1/7,华北,家居用品,企业,51,23140.42653,0,换货
2025/1/21,西北,食品饮料,经销商,72,9070.876296,1,正常
2025/3/14,华南,家居用品,经销商,42,11683.26586,1,正常
2025/2/8,西南,电子产品,个人,64,20425.64373,0,正常
2025/1/18,华东,服装鞋帽,企业,15,975.3393121,0,正常
2025/1/4,西南,家居用品,个人,29,6196.195278,0,正常
2025/3/30,华南,家居用品,企业,33,12529.63324,1,正常
2025/3/1,华北,食品饮料,企业,94,39401.96857,0,正常
2025/1/14,华东,食品饮料,企业,27,5154.918237,0,正常
2025/1/9,华东,家居用品,经销商,36,14737.21101,0,正常
2025/3/31,华北,电子产品,企业,29,14079.2142,0,正常
2025/2/22,西南,电子产品,经销商,38,16552.54431,0,正常
2025/1/2,西北,服装鞋帽,企业,57,5867.568296,1,正常
2025/3/25,西南,家居用品,经销商,97,37139.229,0,正常
2025/3/1,华南,食品饮料,经销商,27,5233.952014,0,正常
2025/3/12,西北,电子产品,经销商,55,27213.29574,1,正常
2025/2/13,西南,服装鞋帽,个人,33,8857.5809,1,正常
2025/1/8,华北,家居用品,企业,68,7146.47729,0,正常
2025/2/16,华南,电子产品,个人,86,32364.68071,0,退货
2025/2/4,华南,家居用品,企业,66,12893.43259,0,正常
2025/3/19,华南,家居用品,企业,10,4986.851707,1,正常
2025/3/22,西北,电子产品,个人,5,2454.51053,0,正常
2025/2/5,华东,电子产品,经销商,74,25549.2628,1,正常
2025/2/19,西北,电子产品,企业,97,,0,正常
2025/1/4,西南,家居用品,经销商,38,,0,正常
2025/1/2,华东,家居用品,个人,13,1194.228346,0,正常
2025/1/6,西南,服装鞋帽,经销商,31,1959.630019,0,正常
2025/2/23,华东,食品饮料,企业,47,19755.57114,0,正常
2025/1/4,西北,家居用品,企业,88,12706.21673,0,正常
2025/2/23,华南,食品饮料,企业,52,11469.23475,0,正常
2025/3/4,华北,电子产品,个人,56,27331.12623,1,正常
2025/1/18,华南,家居用品,企业,15,3023.673388,0,正常
2025/3/31,西北,服装鞋帽,个人,29,5319.191646,1,正常
2025/2/13,华东,服装鞋帽,经销商,8,3705.548799,0,正常
2025/2/3,华南,食品饮料,企业,5,499.184002,0,正常
2025/3/15,西北,电子产品,企业,29,,0,正常
2025/3/3,西南,食品饮料,企业,47,23247.58673,0,正常
2025/1/14,华北,电子产品,经销商,68,,1,正常
2025/2/17,华南,服装鞋帽,企业,76,26087.04282,0,正常
2025/1/15,华东,食品饮料,个人,45,8609.731099,0,正常
2025/3/13,西南,服装鞋帽,经销商,2,328.8897831,0,正常
2025/3/19,西北,服装鞋帽,经销商,27,11303.94952,0,正常
2025/3/28,华北,电子产品,经销商,95,42362.38682,0,正常
2025/3/3,华东,食品饮料,经销商,36,10312.04558,1,正常
2025/2/9,西北,食品饮料,经销商,36,5758.307041,1,退货
2025/3/26,西北,服装鞋帽,个人,26,2621.435538,0,退货
2025/3/21,华南,服装鞋帽,经销商,43,3836.922703,0,正常
2025/3/23,华南,电子产品,企业,27,10086.79099,0,正常
2025/2/22,华东,家居用品,经销商,69,16494.6865,0,正常
2025/1/24,西北,家居用品,经销商,20,9148.238869,0,正常
2025/1/26,华南,服装鞋帽,经销商,11,4211.372939,0,正常
2025/3/30,华北,家居用品,经销商,74,10068.97192,0,正常
2025/3/1,华北,家居用品,经销商,38,12395.59386,0,正常
2025/2/10,西北,家居用品,个人,6,1475.864727,0,正常
2025/1/29,华南,家居用品,个人,72,22302.89128,0,正常
2025/1/15,华东,服装鞋帽,经销商,23,8789.015427,0,正常
2025/2/14,华东,家居用品,个人,47,19401.04288,0,正常
2025/3/6,华东,家居用品,企业,90,38671.36172,1,正常
2025/3/30,华北,电子产品,经销商,46,7557.279904,0,正常
2025/3/12,华南,服装鞋帽,企业,12,768.0242396,0,正常
2025/1/9,华南,食品饮料,企业,90,34441.43677,0,正常
2025/3/29,华北,食品饮料,经销商,13,1272.110799,1,退货
2025/1/1,华东,电子产品,企业,62,11886.25652,0,正常
2025/1/8,华东,电子产品,企业,82,4240.852249,0,正常
2025/3/29,西北,服装鞋帽,企业,89,31750.86277,0,正常
2025/3/4,西南,食品饮料,经销商,97,12145.3123,1,正常
2025/1/11,华南,家居用品,经销商,60,20692.62506,1,正常
2025/3/22,华南,电子产品,企业,43,21340.21964,0,正常
2025/1/8,华南,食品饮料,经销商,76,6285.343809,1,正常
2025/2/4,西南,服装鞋帽,经销商,68,5758.587166,1,正常
2025/2/4,西北,家居用品,企业,5,1015.855209,1,正常
2025/2/2,西南,服装鞋帽,经销商,37,16275.33546,0,正常
2025/1/5,华东,电子产品,个人,72,10583.16775,0,正常
2025/2/10,华东,食品饮料,经销商,92,19519.64175,0,正常
2025/1/28,华南,食品饮料,个人,31,,1,正常
2025/1/7,华北,食品饮料,企业,9,3540.77893,0,正常
2025/3/14,华南,食品饮料,经销商,51,11920.63057,0,正常
2025/3/13,华北,家居用品,企业,29,11358.19597,0,正常
2025/1/12,西南,家居用品,企业,78,35616.63534,1,正常
2025/2/3,华东,服装鞋帽,企业,40,6189.736648,1,正常
2025/2/2,华北,家居用品,企业,41,16946.45676,0,正常
2025/2/17,西南,电子产品,企业,86,6586.933546,1,正常
2025/1/23,华东,电子产品,经销商,11,4999.294571,0,正常
2025/3/3,华北,食品饮料,个人,23,7885.454467,1,正常
2025/3/29,华南,电子产品,经销商,1,443.4020259,0,退货
2025/2/6,华南,服装鞋帽,经销商,46,2303.899871,0,正常
2025/2/13,华南,家居用品,经销商,21,2647.816115,1,正常
2025/3/27,西南,家居用品,经销商,90,20285.25519,0,正常
2025/2/4,华南,家居用品,个人,36,7947.947035,1,正常
2025/3/6,西北,电子产品,经销商,54,8209.548305,0,正常
2025/2/16,华东,家居用品,企业,87,19290.10745,0,正常
2025/3/19,西南,食品饮料,经销商,57,6154.969463,0,退货
2025/1/3,华南,食品饮料,经销商,1,235.7425082,0,正常
2025/1/1,华东,食品饮料,个人,63,25896.74523,0,正常
2025/1/5,华北,电子产品,个人,54,14341.40253,0,正常
2025/3/31,华南,家居用品,企业,55,3195.502201,0,正常
2025/1/14,华东,电子产品,经销商,40,9585.992748,0,正常
2025/1/27,西北,家居用品,经销商,15,933.4313586,1,正常
2025/1/9,华北,服装鞋帽,经销商,21,10181.00023,1,正常
2025/3/20,西北,服装鞋帽,企业,47,5045.651242,0,正常
2025/1/15,华东,电子产品,个人,73,26897.56152,1,正常
2025/3/31,西北,食品饮料,企业,53,25850.7153,0,正常
2025/2/11,华东,电子产品,经销商,9,3795.458159,0,正常
2025/3/18,华东,食品饮料,个人,74,26987.20199,1,正常
2025/2/20,西北,家居用品,个人,52,22243.38528,1,正常
2025/3/4,华东,食品饮料,企业,57,28033.13648,0,正常
2025/2/21,华南,食品饮料,个人,26,8569.730618,1,正常
2025/1/4,华东,家居用品,个人,41,12366.95969,0,正常
2025/1/23,西南,服装鞋帽,经销商,35,11644.75024,1,正常
2025/1/15,华东,家居用品,经销商,63,18251.36139,0,正常
2025/2/12,西南,电子产品,个人,25,8394.752441,0,正常
2025/1/29,华东,电子产品,个人,90,22718.60942,0,正常
2025/2/5,华东,电子产品,企业,75,11122.45742,0,正常
2025/1/13,西北,电子产品,企业,38,3956.227573,0,正常
2025/2/1,华南,电子产品,个人,2,,1,正常
2025/3/12,华南,服装鞋帽,经销商,7,1179.444719,0,正常
2025/2/28,华北,服装鞋帽,个人,82,,0,正常
2025/3/27,西北,食品饮料,个人,91,27775.64344,0,正常
2025/1/28,西北,电子产品,经销商,34,6042.575239,0,正常
2025/3/7,华南,家居用品,经销商,91,,0,正常
2025/2/11,西北,电子产品,企业,17,,0,正常
2025/2/14,华南,服装鞋帽,企业,43,6529.901416,0,正常
2025/3/3,西北,电子产品,企业,59,,0,正常
2025/2/26,华东,服装鞋帽,企业,51,16292.6504,0,正常
2025/1/6,华南,食品饮料,经销商,54,4267.137891,1,正常
2025/1/28,华南,食品饮料,个人,24,,1,正常
2025/1/28,西南,食品饮料,企业,25,11119.19483,0,正常
2025/2/13,西北,服装鞋帽,企业,71,14106.53572,0,正常
2025/3/25,西北,电子产品,经销商,52,10565.49673,0,正常
2025/1/30,华南,电子产品,经销商,70,,0,正常
2025/3/3,华东,家居用品,个人,88,29196.5764,0,正常
2025/3/16,华东,服装鞋帽,个人,33,9540.05033,0,正常
2025/3/30,华东,家居用品,经销商,49,20931.25565,0,正常
2025/3/3,西北,食品饮料,企业,29,5173.038916,0,退货
2025/1/1,西南,电子产品,企业,63,15317.32652,0,正常
2025/1/27,华南,服装鞋帽,企业,22,3750.989087,1,正常
2025/3/3,华北,家居用品,个人,26,10533.18191,1,正常
2025/3/18,西南,家居用品,企业,28,8624.201755,0,正常
2025/1/3,华北,家居用品,企业,85,29450.05893,0,正常
2025/3/11,西南,电子产品,经销商,49,8013.374859,1,正常
2025/3/13,华东,电子产品,企业,71,10586.19838,1,正常
2025/1/27,西北,电子产品,经销商,81,21851.25523,0,正常
2025/1/9,华北,服装鞋帽,企业,84,32079.98532,0,正常
2025/3/3,西南,电子产品,个人,49,,0,正常
2025/2/6,西北,服装鞋帽,企业,20,1293.811098,0,正常
2025/2/20,华北,家居用品,企业,86,37912.94329,0,正常
2025/2/13,华南,家居用品,经销商,92,7278.037392,0,正常
2025/1/24,西南,食品饮料,经销商,63,30247.62411,0,正常
2025/3/20,华南,电子产品,经销商,61,3740.146755,0,正常
2025/2/28,华东,家居用品,企业,49,17762.63256,1,正常
2025/2/1,华南,电子产品,企业,71,6176.515686,0,正常
2025/3/29,华南,服装鞋帽,个人,1,459.8044607,0,正常
2025/2/21,西南,家居用品,企业,96,24863.5158,0,正常
2025/3/3,华东,电子产品,个人,13,1454.514083,0,正常
2025/2/27,华南,家居用品,经销商,94,19116.5041,1,正常
2025/2/21,西北,家居用品,经销商,87,10802.88604,0,正常
2025/1/12,华北,电子产品,经销商,51,6464.85487,0,正常
2025/2/8,华南,家居用品,个人,56,26692.32967,1,正常
2025/1/2,华东,家居用品,企业,-13,-3254.689757,0,正常
2025/1/3,华南,家居用品,经销商,62,,1,正常
2025/2/25,华北,家居用品,企业,32,10810.32008,0,正常
2025/3/22,华东,服装鞋帽,企业,30,10631.75589,0,正常
2025/2/28,西南,家居用品,经销商,29,3168.599372,0,正常
2025/1/2,华东,食品饮料,个人,49,7613.767052,0,正常
2025/1/2,西南,家居用品,企业,45,18181.69429,1,正常
2025/2/23,华东,电子产品,经销商,93,45276.56574,1,正常
2025/3/28,华北,食品饮料,企业,30,5046.121175,0,正常
2025/1/1,华北,服装鞋帽,企业,16,2755.295106,0,正常
2025/1/19,华东,食品饮料,企业,40,10512.14839,1,正常
2025/1/2,华南,食品饮料,企业,19,9361.834675,1,正常
2025/2/22,华北,食品饮料,企业,18,3078.567461,0,正常
2025/2/13,西南,电子产品,个人,1,233.1373593,0,正常
2025/3/31,西南,电子产品,个人,78,35190.94855,0,正常
2025/2/1,西北,电子产品,经销商,47,2411.77984,1,正常
2025/3/11,西南,服装鞋帽,个人,66,4481.04916,0,正常
2025/2/1,西北,电子产品,个人,92,29608.56743,0,正常
2025/3/9,华东,电子产品,个人,94,43082.18097,1,正常
2025/2/24,华东,食品饮料,企业,38,5984.448893,0,正常
2025/3/16,华东,电子产品,企业,51,13328.27873,0,正常
2025/2/25,华南,家居用品,经销商,63,15920.6913,0,正常
2025/1/17,华南,电子产品,经销商,4,1051.348423,0,正常
2025/2/7,西北,服装鞋帽,经销商,1,330.1338631,0,退货
2025/1/24,西南,服装鞋帽,企业,8,,0,正常
2025/3/10,西南,家居用品,个人,29,7289.459244,0,正常
2025/3/11,华东,服装鞋帽,个人,55,14488.63841,0,退货
2025/3/27,华北,服装鞋帽,企业,3,947.6710457,1,正常
2025/1/11,华南,食品饮料,经销商,32,9332.907832,1,正常
2025/1/16,华南,家居用品,经销商,10,4343.611989,0,正常
2025/3/14,华东,食品饮料,经销商,74,5348.245221,0,正常
2025/2/28,华南,食品饮料,企业,83,35274.39262,0,正常
2025/3/11,华东,电子产品,经销商,34,14612.04657,0,正常
2025/3/21,西北,家居用品,经销商,97,17286.23514,0,正常
2025/1/3,西南,电子产品,企业,87,22470.65404,0,正常
2025/1/20,华北,电子产品,个人,55,13603.82759,0,正常
2025/2/28,西南,食品饮料,企业,92,13646.30714,0,正常
2025/2/5,西南,服装鞋帽,企业,32,7313.874598,0,正常
2025/1/19,西北,家居用品,企业,50,3498.724874,0,正常
2025/3/31,华南,服装鞋帽,企业,7,1225.139529,0,正常
2025/3/8,华北,食品饮料,个人,93,38828.14904,0,正常
2025/1/19,华南,食品饮料,经销商,8,1424.424286,0,正常
2025/1/20,西南,食品饮料,企业,65,,1,正常
2025/3/12,华东,食品饮料,个人,57,16485.52627,1,正常
2025/2/21,西南,食品饮料,经销商,67,29877.85972,0,正常
2025/2/2,华南,食品饮料,经销商,88,27161.27035,0,正常
2025/2/9,西南,服装鞋帽,经销商,87,5511.510933,0,正常
2025/2/8,华东,电子产品,企业,59,20882.40651,0,正常
2025/3/23,西北,服装鞋帽,企业,-8,-561.4728449,0,正常
2025/1/1,华南,家居用品,经销商,54,13649.50756,1,正常
2025/1/11,西南,服装鞋帽,经销商,67,31372.21484,0,正常
2025/2/26,华南,食品饮料,经销商,51,6341.430408,1,正常
2025/3/30,西北,服装鞋帽,经销商,97,21867.92821,0,正常
2025/2/19,西南,电子产品,经销商,92,34816.21679,0,正常
2025/1/23,西南,家居用品,经销商,8,3576.130802,1,正常
2025/1/31,华南,服装鞋帽,个人,34,11965.42797,0,正常
2025/2/11,华南,电子产品,经销商,35,5816.228754,0,正常
2025/1/7,华东,服装鞋帽,企业,96,33943.05925,0,正常
2025/1/16,西北,家居用品,企业,88,,0,正常
2025/3/31,华东,服装鞋帽,企业,78,29116.86597,1,正常
2025/3/1,西南,食品饮料,经销商,32,15338.07704,0,正常
2025/1/2,华南,服装鞋帽,企业,46,17232.84444,1,正常
2025/1/1,西南,电子产品,个人,16,7012.739621,1,正常
2025/2/17,西南,服装鞋帽,经销商,68,3464.377601,1,正常
2025/1/12,华北,电子产品,企业,37,13797.57588,0,正常
2025/3/10,华北,家居用品,个人,54,22858.97763,0,正常
2025/2/6,西南,服装鞋帽,个人,85,5801.371711,1,正常
2025/2/1,华南,家居用品,企业,14,6191.065682,0,正常
2025/1/9,西南,家居用品,个人,95,15723.67826,0,正常
2025/1/19,华北,服装鞋帽,企业,55,,0,正常
2025/2/17,华南,电子产品,个人,48,19687.66539,0,正常
2025/3/21,西南,家居用品,经销商,82,28552.32053,0,正常
2025/1/3,西北,家居用品,经销商,7,640.697095,0,正常
2025/1/20,西北,服装鞋帽,经销商,74,23557.50658,0,正常
2025/1/24,西南,服装鞋帽,经销商,7,2081.188519,1,正常
2025/2/23,华南,服装鞋帽,经销商,33,15019.77083,0,正常
2025/2/2,西南,服装鞋帽,企业,23,5333.881202,1,正常
2025/1/24,西南,服装鞋帽,经销商,85,16531.35196,0,正常
2025/3/16,华北,食品饮料,经销商,19,7361.224036,1,正常
2025/3/13,西北,服装鞋帽,经销商,19,4478.374038,0,正常
2025/2/5,华北,电子产品,经销商,36,,1,正常
2025/2/7,华北,家居用品,个人,29,9886.173676,0,正常
2025/3/25,西南,电子产品,经销商,60,26977.05474,1,正常
2025/3/30,华北,电子产品,经销商,82,26191.74965,0,正常
2025/1/25,西北,食品饮料,企业,2,551.938249,1,正常
2025/1/18,华北,服装鞋帽,个人,1,112.4920969,1,正常
2025/3/23,西北,家居用品,企业,47,4797.850381,0,退货
2025/3/7,华北,电子产品,经销商,69,8241.684602,0,正常
2025/2/23,西北,服装鞋帽,企业,20,2546.636332,1,正常
2025/2/4,华北,服装鞋帽,企业,11,3707.491609,0,正常
2025/3/21,华北,食品饮料,经销商,2,766.8831252,1,正常
2025/3/2,华南,食品饮料,个人,67,19329.24442,0,换货
2025/2/10,西北,食品饮料,个人,87,36806.04423,0,正常
2025/2/2,西北,家居用品,企业,12,,1,正常
2025/3/9,西北,电子产品,经销商,20,8380.113662,0,正常
2025/2/2,华东,食品饮料,企业,5,1813.485341,1,正常
2025/1/14,华北,食品饮料,企业,37,10716.00345,0,正常
2025/1/21,西北,食品饮料,企业,38,9575.387526,0,正常
2025/2/17,华东,电子产品,经销商,94,8269.797697,0,正常
2025/1/20,华南,电子产品,经销商,9,2067.443431,0,正常
2025/1/8,西北,食品饮料,个人,98,45036.93748,0,正常
2025/1/7,西北,食品饮料,经销商,53,21921.33972,0,正常
2025/3/8,华东,服装鞋帽,企业,44,6477.817027,0,正常
2025/1/17,华北,食品饮料,企业,99,25737.37681,0,正常
2025/2/2,华南,家居用品,个人,86,35907.18794,1,正常
2025/2/17,西北,家居用品,经销商,24,,0,正常
2025/3/17,华北,食品饮料,企业,81,,0,正常
2025/2/28,华南,电子产品,个人,74,32066.31319,0,正常
2025/3/27,西南,服装鞋帽,个人,30,6952.621166,0,正常
2025/1/22,西南,电子产品,企业,59,5010.668818,1,正常
2025/1/30,华南,食品饮料,企业,87,25590.22053,0,正常
2025/2/7,华东,家居用品,经销商,96,42027.27578,0,正常
2025/2/20,华南,服装鞋帽,个人,81,25565.90804,0,正常
2025/2/23,华南,电子产品,企业,81,12297.87349,0,正常
2025/1/8,华东,电子产品,个人,14,3120.709607,1,正常
2025/1/27,华东,食品饮料,经销商,9,2272.999613,0,正常
2025/1/27,华北,服装鞋帽,企业,40,12426.79437,1,正常
2025/1/21,华北,家居用品,经销商,66,25852.72546,0,正常
2025/1/30,华东,食品饮料,个人,25,2362.328198,0,正常
2025/1/28,西南,服装鞋帽,经销商,73,,1,正常
2025/3/5,西南,电子产品,经销商,22,1221.86606,0,正常
2025/3/10,华南,食品饮料,个人,4,866.0942024,0,正常
2025/3/2,西北,电子产品,经销商,26,1620.817627,0,正常
2025/2/17,华南,电子产品,个人,58,,0,正常
2025/1/19,华南,食品饮料,企业,29,8311.854415,0,正常
2025/1/4,西北,食品饮料,个人,98,27465.14915,0,正常
2025/2/4,华东,食品饮料,个人,87,10834.34979,0,正常
2025/3/5,西南,食品饮料,企业,37,12601.57949,0,正常
2025/2/18,华南,食品饮料,个人,75,,0,正常
2025/1/17,西北,电子产品,企业,70,27500.06483,0,正常
2025/2/13,华北,家居用品,企业,18,8567.819915,0,正常
2025/1/30,华南,家居用品,个人,85,17246.15764,0,正常
2025/2/15,西南,食品饮料,经销商,42,11875.82431,1,正常
2025/1/6,华东,电子产品,经销商,41,9040.89463,0,正常
2025/2/6,华南,家居用品,企业,38,2014.747674,1,正常
2025/1/24,华南,家居用品,经销商,34,7603.879894,0,正常
2025/2/15,西北,家居用品,经销商,17,6906.659983,0,正常
2025/2/22,华北,电子产品,个人,37,11773.21422,0,正常
2025/3/1,华北,食品饮料,企业,25,2389.174039,0,正常
2025/3/4,华东,食品饮料,企业,76,32772.17055,0,正常
2025/3/26,西南,食品饮料,个人,87,25141.99125,0,正常
2025/2/1,华东,服装鞋帽,经销商,86,36874.6941,0,正常
2025/3/28,华南,服装鞋帽,企业,85,26443.47309,1,正常
2025/2/2,华南,服装鞋帽,经销商,27,8150.214605,0,正常
2025/3/8,华北,电子产品,企业,57,5549.8981,0,正常
2025/1/18,西南,家居用品,企业,31,3884.668277,1,正常
2025/1/25,西北,家居用品,企业,6,2924.468193,0,正常
2025/2/23,西南,电子产品,企业,91,13906.53228,0,正常
2025/2/27,华南,电子产品,经销商,40,,0,正常
2025/3/8,西北,食品饮料,经销商,98,28357.35036,1,正常
2025/2/15,西南,食品饮料,经销商,12,1333.260854,1,正常
2025/1/24,西南,服装鞋帽,经销商,53,5018.357536,0,正常
2025/2/1,西北,服装鞋帽,个人,71,10223.20706,0,正常
2025/2/16,华南,电子产品,企业,10,4665.367985,1,正常
2025/3/27,西南,服装鞋帽,企业,45,10636.54204,0,正常
2025/1/23,西北,家居用品,企业,17,3875.07215,0,正常
2025/3/7,华南,电子产品,个人,26,4964.513255,0,正常
2025/1/27,西北,电子产品,经销商,85,,0,正常
2025/1/2,西北,家居用品,企业,92,24797.03956,0,正常
2025/3/31,西南,食品饮料,经销商,62,6728.333132,0,正常
2025/1/17,华南,食品饮料,经销商,46,,0,正常
2025/2/2,西南,家居用品,个人,64,13867.4332,0,正常
2025/1/9,华东,家居用品,个人,2,437.323211,1,正常
2025/2/12,华东,服装鞋帽,经销商,54,14218.35621,0,正常
2025/2/17,华南,电子产品,企业,65,16240.73561,0,正常
2025/2/8,西北,服装鞋帽,企业,51,25381.99048,0,正常
2025/2/11,西南,家居用品,个人,53,15657.33974,0,退货
2025/1/26,西南,服装鞋帽,个人,36,3228.867601,0,正常
2025/2/19,华南,家居用品,个人,26,8400.464896,0,正常
2025/1/25,华南,服装鞋帽,个人,29,3428.175022,1,正常
2025/1/24,华东,服装鞋帽,个人,21,1342.360743,1,正常
2025/1/13,华北,食品饮料,个人,11,5355.173661,0,正常
2025/3/1,华南,家居用品,个人,40,,0,正常
2025/1/7,华北,服装鞋帽,企业,11,5401.539512,0,正常
2025/2/26,华南,电子产品,个人,36,9541.630858,1,正常
2025/2/5,西北,服装鞋帽,个人,59,17081.43745,1,正常
2025/2/14,西北,服装鞋帽,企业,39,4904.313576,0,正常
2025/1/20,华东,电子产品,企业,99,15949.72586,0,正常
2025/3/6,华东,家居用品,经销商,54,23076.74592,1,正常
2025/1/8,华北,食品饮料,个人,98,20607.78704,0,正常
2025/1/16,华南,食品饮料,个人,55,23213.6706,0,正常
2025/1/14,西南,食品饮料,个人,24,8857.348222,0,正常
2025/3/17,华东,电子产品,个人,22,2853.99216,0,正常
2025/3/28,西南,服装鞋帽,经销商,69,19206.20967,1,正常
2025/1/15,西南,家居用品,企业,56,19870.1605,1,正常
2025/3/7,华南,服装鞋帽,企业,33,5140.30264,0,正常
2025/2/1,华北,食品饮料,个人,36,15257.15387,0,正常
2025/3/28,华南,服装鞋帽,个人,20,5903.448918,0,正常
2025/3/4,华东,电子产品,个人,83,10321.79058,0,正常
2025/3/27,西南,电子产品,经销商,99,30921.95619,0,正常
2025/2/20,华南,家居用品,经销商,81,40489.56816,0,正常
2025/1/25,华南,家居用品,企业,62,7299.549617,0,正常
2025/2/27,华南,食品饮料,个人,98,40918.98062,0,正常
2025/3/4,华东,家居用品,个人,73,10460.10075,0,正常
2025/3/3,华北,服装鞋帽,个人,26,10453.94345,0,正常
2025/1/22,华南,电子产品,个人,66,25116.96432,0,正常
2025/2/27,华东,电子产品,经销商,73,,0,正常
2025/2/27,西南,电子产品,企业,73,14353.28941,1,正常
2025/3/27,西北,家居用品,企业,40,16265.38506,0,正常
2025/2/18,华东,电子产品,经销商,17,4380.058166,0,正常
2025/2/21,西北,电子产品,个人,1,378.8681129,1,正常
2025/2/11,华南,电子产品,企业,89,10376.7651,1,正常
2025/3/11,华南,食品饮料,企业,61,,0,正常
2025/1/15,华东,食品饮料,经销商,43,15905.61927,1,正常
2025/2/23,西北,家居用品,个人,42,19241.21909,0,正常
2025/3/1,华南,电子产品,企业,25,2739.189264,0,正常
2025/1/8,西南,家居用品,个人,39,12357.40448,0,正常
2025/2/22,华北,电子产品,企业,35,11186.14921,0,正常
2025/3/1,华北,电子产品,经销商,3,627.1719997,0,正常
2025/1/5,华南,电子产品,个人,44,11277.63521,0,正常
2025/3/9,西北,家居用品,经销商,51,,0,正常
2025/1/6,华南,家居用品,企业,94,36249.87963,0,正常
2025/2/16,西北,电子产品,经销商,98,29125.12134,0,正常
2025/2/24,西南,服装鞋帽,经销商,12,911.8016801,0,正常
2025/2/9,西北,家居用品,经销商,19,6770.462885,0,正常
2025/2/21,华南,食品饮料,企业,44,11442.28513,1,正常
2025/1/16,西南,家居用品,个人,59,3864.946438,1,退货
2025/1/13,华东,电子产品,经销商,49,23829.85038,1,正常
2025/1/30,华北,服装鞋帽,个人,61,29103.12833,0,正常
2025/1/19,华南,电子产品,企业,17,4773.703484,1,正常
2025/1/17,华南,食品饮料,个人,74,6819.29161,0,正常
2025/3/4,华南,家居用品,经销商,57,22206.03433,0,正常
2025/1/19,西南,家居用品,经销商,55,14925.29473,0,正常
2025/2/27,华东,电子产品,经销商,47,,0,正常
2025/2/24,西北,电子产品,经销商,12,3253.658159,0,正常
2025/3/31,华东,食品饮料,经销商,62,17676.19166,0,正常
2025/3/31,西南,服装鞋帽,经销商,80,24257.62116,1,正常
2025/3/3,华南,食品饮料,企业,88,21872.45906,0,正常
2025/1/23,华北,服装鞋帽,企业,83,26774.96057,0,正常
2025/1/9,华南,家居用品,企业,8,3707.444958,1,正常
2025/1/12,西北,服装鞋帽,个人,95,20236.96072,0,正常
2025/1/1,华北,服装鞋帽,个人,21,7908.020577,0,正常
2025/2/27,华南,家居用品,企业,81,36652.7957,0,正常
2025/1/1,华北,家居用品,个人,87,,0,正常
2025/2/3,华东,家居用品,个人,80,19964.41011,0,正常
2025/2/17,西南,食品饮料,经销商,70,22466.68504,0,正常
2025/3/30,华南,家居用品,经销商,72,22761.57901,0,正常
2025/1/1,西北,电子产品,个人,25,10324.1301,0,正常
2025/1/16,华东,家居用品,个人,82,,0,正常
2025/3/2,华南,家居用品,企业,89,44344.72413,0,正常
2025/3/5,华东,家居用品,个人,12,921.1464719,0,换货
2025/3/4,西北,服装鞋帽,经销商,15,771.3829779,1,正常
2025/3/10,华南,食品饮料,个人,59,19947.26517,0,正常
2025/1/22,西北,家居用品,企业,26,4791.688475,0,正常
2025/3/8,华北,食品饮料,经销商,26,4112.473948,0,正常
2025/3/17,西北,电子产品,经销商,47,8946.665542,0,正常
2025/1/26,华北,电子产品,经销商,32,5287.084938,0,正常
2025/1/16,华南,家居用品,经销商,10,,0,正常
2025/2/20,华北,电子产品,个人,16,7795.037905,1,正常
2025/3/27,华南,食品饮料,企业,71,10602.81836,1,正常
2025/2/26,华南,服装鞋帽,个人,17,6465.327684,0,正常
2025/1/29,西南,家居用品,个人,23,9042.872685,1,正常
2025/3/19,华南,电子产品,经销商,26,12172.31156,0,正常
2025/3/10,华北,食品饮料,企业,85,,0,正常
2025/2/16,西南,食品饮料,经销商,86,38048.2707,0,正常
2025/3/3,西南,电子产品,个人,7,,0,正常
2025/3/10,华南,食品饮料,个人,14,4685.027893,1,正常
2025/3/17,西北,食品饮料,经销商,79,26860.91835,0,正常
2025/1/16,西北,家居用品,个人,7,2932.363086,0,正常
2025/3/31,西南,食品饮料,个人,9,1800.299655,1,正常
2025/3/31,华南,电子产品,经销商,48,18233.9057,0,正常
2025/2/17,西北,家居用品,个人,72,20725.93075,0,正常
2025/3/26,华南,电子产品,企业,59,24014.61108,0,正常
2025/2/8,华南,服装鞋帽,经销商,87,,1,正常
2025/2/2,西南,电子产品,企业,93,13047.24508,1,正常
2025/1/23,西南,电子产品,个人,82,40802.53487,0,正常
2025/1/10,华东,家居用品,个人,95,,0,正常
2025/3/10,西北,食品饮料,经销商,94,,0,正常
2025/2/3,西北,电子产品,个人,39,2725.04198,1,正常
2025/2/21,西北,家居用品,经销商,99,20176.40613,0,正常
2025/1/10,华北,服装鞋帽,经销商,18,6026.541278,0,正常
2025/1/19,华南,家居用品,经销商,59,,1,正常
2025/2/27,西南,家居用品,经销商,17,893.3434812,0,正常
2025/1/1,西北,食品饮料,经销商,14,6603.673479,0,正常
2025/3/10,华东,电子产品,企业,31,13015.87657,0,正常
2025/1/4,西北,服装鞋帽,经销商,24,9939.178248,1,正常
2025/1/16,华南,家居用品,企业,99,,0,正常
2025/1/24,华南,电子产品,个人,60,21900.92536,0,正常
2025/3/21,西南,电子产品,经销商,45,4364.183627,0,正常
2025/1/2,华北,家居用品,个人,98,22500.31829,0,正常
2025/2/1,西南,电子产品,经销商,3,1126.251807,0,正常
2025/3/25,西北,家居用品,企业,37,6517.568772,0,正常
2025/1/24,华东,家居用品,企业,43,15451.31315,1,正常
2025/1/12,西南,家居用品,企业,40,2440.972069,0,正常
2025/2/19,华北,服装鞋帽,个人,90,16898.56231,0,正常
2025/2/4,西南,家居用品,经销商,55,16340.97582,0,正常
2025/2/2,华南,食品饮料,个人,87,29096.31683,0,正常
2025/2/2,西北,电子产品,企业,39,12077.06366,1,正常
2025/3/2,西北,服装鞋帽,个人,15,,0,正常
2025/2/20,西北,电子产品,企业,4,210.9597468,0,退货
2025/2/12,西北,服装鞋帽,企业,93,8874.389219,0,正常
2025/1/12,西北,食品饮料,企业,86,37928.14256,0,正常
2025/3/8,西北,服装鞋帽,经销商,25,8919.672246,0,正常
2025/3/6,华东,服装鞋帽,经销商,13,1310.65011,0,正常
2025/2/2,华北,服装鞋帽,企业,82,35172.54674,1,正常
2025/2/9,西北,电子产品,个人,33,5247.133585,1,正常
2025/3/15,华北,家居用品,个人,16,,0,正常
2025/2/12,西北,电子产品,经销商,42,4844.214094,1,正常
2025/2/13,西南,家居用品,企业,66,24390.26868,0,正常
2025/1/29,西北,电子产品,个人,55,19254.64692,0,正常
2025/1/13,华南,食品饮料,企业,99,14355.06059,0,正常
2025/1/12,华东,食品饮料,个人,42,,0,正常
2025/2/15,西南,服装鞋帽,经销商,34,7839.982171,0,正常
2025/1/2,西南,食品饮料,企业,30,5448.953729,0,正常
2025/2/4,华南,服装鞋帽,企业,13,1541.128098,0,正常
2025/3/28,西北,家居用品,个人,13,2207.082873,0,正常
2025/3/22,华东,食品饮料,个人,18,1078.418062,0,正常
2025/3/31,西南,家居用品,个人,32,9998.907891,1,正常
2025/1/8,华东,电子产品,企业,96,41184.36824,0,正常
2025/1/26,西南,家居用品,经销商,99,29407.07902,0,正常
2025/3/15,西北,电子产品,经销商,39,5798.258032,0,正常
2025/3/31,西南,家居用品,个人,46,2996.951989,0,正常
2025/2/3,西南,家居用品,经销商,29,4250.896356,1,正常
2025/1/7,华北,食品饮料,个人,62,14709.78784,0,正常
2025/3/9,西北,家居用品,经销商,93,36439.73829,0,正常
2025/2/27,华南,食品饮料,企业,62,8340.815586,1,正常
2025/3/16,华南,食品饮料,个人,57,21312.65078,0,正常
2025/1/29,西北,服装鞋帽,经销商,16,7041.920972,0,正常
2025/2/5,华南,服装鞋帽,企业,56,14239.46057,0,正常
2025/3/30,西北,电子产品,经销商,10,4196.443962,1,正常
2025/1/21,华南,家居用品,企业,30,,0,正常
2025/2/5,华北,电子产品,企业,25,8417.271917,0,正常
2025/1/10,华南,家居用品,经销商,84,24093.3258,0,正常
2025/3/14,西南,服装鞋帽,经销商,5,1292.138613,0,正常
2025/1/24,西北,服装鞋帽,企业,65,,0,正常
2025/3/5,华东,家居用品,企业,94,17525.10872,0,正常
2025/2/18,华东,家居用品,企业,49,8843.841123,0,正常
2025/2/5,西北,服装鞋帽,个人,3,910.4400568,1,正常
2025/3/23,华北,服装鞋帽,企业,45,4679.062284,1,正常
2025/1/24,华南,电子产品,个人,14,6475.787651,0,正常
2025/1/23,华北,服装鞋帽,企业,30,,1,正常
2025/3/3,华东,家居用品,个人,68,15684.23631,0,正常
2025/2/6,西北,电子产品,企业,18,2184.855571,0,正常
2025/1/12,西北,家居用品,企业,62,27707.58154,0,正常
2025/2/24,华北,食品饮料,企业,37,15565.9052,1,正常
2025/1/13,华北,电子产品,经销商,25,9369.367468,1,退货
2025/1/23,华南,家居用品,经销商,48,8265.416224,0,正常
2025/3/30,西南,服装鞋帽,企业,65,15021.56414,1,正常
2025/1/30,西南,食品饮料,个人,53,5100.545821,0,正常
2025/1/17,华南,家居用品,个人,79,10670.3551,1,正常
2025/3/3,西南,电子产品,企业,73,29372.09654,1,正常
2025/3/25,华东,家居用品,经销商,15,5576.511352,0,正常
2025/3/30,西南,食品饮料,个人,49,15536.36107,1,正常
2025/3/27,华南,电子产品,经销商,88,39870.77835,0,正常
2025/1/13,西南,食品饮料,个人,68,21247.95545,0,正常
2025/2/28,西北,家居用品,企业,12,3121.6272,0,正常
2025/1/19,华北,服装鞋帽,经销商,59,11986.84331,0,正常
2025/2/18,华东,服装鞋帽,个人,37,17508.46762,1,正常
2025/1/12,西北,家居用品,企业,61,5320.539419,0,正常
2025/3/2,西北,家居用品,企业,43,20162.67065,0,正常
2025/1/19,华南,家居用品,企业,70,29541.51179,1,正常
2025/3/17,华北,电子产品,经销商,39,4230.270176,1,正常
2025/1/9,华北,食品饮料,经销商,56,17037.60581,0,正常
2025/3/12,华东,食品饮料,企业,63,27716.63528,1,正常
2025/1/28,华南,食品饮料,经销商,46,14136.44969,0,正常
2025/3/19,华东,家居用品,个人,88,40325.11293,1,正常
2025/2/21,西南,食品饮料,企业,11,5217.769893,0,正常
2025/3/24,西北,家居用品,企业,62,14884.52817,0,正常
2025/1/16,华东,电子产品,经销商,77,16923.91837,0,正常
2025/3/10,西北,服装鞋帽,企业,98,46191.76289,0,退货
2025/1/12,华南,家居用品,个人,25,8845.325688,0,正常
2025/1/25,西南,家居用品,经销商,71,,0,正常
2025/2/21,华南,服装鞋帽,经销商,52,3589.626932,0,正常
2025/3/26,西南,服装鞋帽,企业,4,1216.332292,1,正常
2025/2/22,西南,电子产品,企业,59,27646.03913,0,正常
2025/1/23,西北,食品饮料,企业,72,30953.65796,0,正常
2025/1/16,华南,家居用品,经销商,20,7082.629718,0,正常
2025/2/26,华南,食品饮料,企业,93,10471.99828,0,正常
2025/2/8,华东,家居用品,个人,63,10357.45973,1,正常
2025/2/22,华南,电子产品,企业,54,23974.92281,1,正常
2025/2/11,华东,服装鞋帽,企业,74,9787.480981,0,正常
2025/2/27,华北,电子产品,经销商,98,17179.1779,0,正常
2025/2/8,华北,服装鞋帽,企业,57,6174.256703,1,正常
2025/1/14,华北,食品饮料,经销商,90,31882.38337,0,正常
2025/1/5,华南,食品饮料,企业,41,19466.47353,1,退货
2025/2/4,华南,电子产品,个人,3,513.1068427,0,正常
2025/3/28,华东,服装鞋帽,个人,6,1583.597841,1,正常
2025/3/16,西南,电子产品,经销商,5,1677.264414,0,正常
2025/1/18,华东,服装鞋帽,经销商,5,2498.799058,0,正常
2025/3/17,华北,服装鞋帽,企业,54,5246.835979,1,换货
2025/1/9,华东,食品饮料,企业,47,12894.77241,0,正常
2025/3/15,西南,食品饮料,个人,87,19427.45269,0,正常
2025/2/27,华南,服装鞋帽,企业,49,21541.33464,0,正常
2025/1/17,华东,服装鞋帽,个人,9,2377.669311,0,正常
2025/1/7,华北,服装鞋帽,经销商,99,9894.04872,0,正常
2025/2/15,华北,食品饮料,企业,20,6709.817308,0,正常
2025/1/13,华南,食品饮料,经销商,61,24207.92797,0,正常
2025/2/9,华东,家居用品,企业,35,,0,正常
2025/2/11,西南,服装鞋帽,个人,50,21826.52542,1,正常
2025/1/9,华南,家居用品,经销商,82,10964.2487,0,正常
2025/2/19,华东,服装鞋帽,经销商,62,18502.73527,0,正常
2025/1/27,西北,食品饮料,企业,17,4030.85088,0,正常
2025/3/7,华北,家居用品,经销商,88,32898.29114,0,正常
2025/1/5,西南,家居用品,个人,3,651.06818,0,正常
2025/1/29,西南,电子产品,经销商,32,14124.58974,0,正常
2025/2/6,西南,服装鞋帽,经销商,99,37493.61288,0,正常
2025/2/7,华北,食品饮料,企业,13,4439.122051,0,正常
2025/3/24,华东,电子产品,经销商,89,36339.43585,0,正常
2025/1/8,华南,电子产品,企业,73,28419.6567,0,正常
2025/3/6,华东,服装鞋帽,企业,68,,0,正常
2025/3/27,华南,电子产品,经销商,14,3186.826429,0,正常
2025/1/17,西南,服装鞋帽,个人,98,45948.60181,0,正常
2025/3/12,华东,电子产品,企业,11,1172.335132,0,正常
2025/3/30,西南,服装鞋帽,经销商,56,21374.83307,1,正常
2025/2/14,西北,食品饮料,企业,67,32733.94311,0,正常
2025/1/4,西南,服装鞋帽,个人,92,6761.023242,0,正常
2025/2/5,西南,服装鞋帽,个人,29,10352.63014,0,正常
2025/3/11,华南,家居用品,企业,9,2346.024272,0,正常
2025/1/31,西北,食品饮料,个人,67,,0,正常
2025/1/19,西南,食品饮料,经销商,25,2210.090035,0,正常
2025/3/2,西南,食品饮料,经销商,98,,1,正常
2025/2/23,西北,电子产品,企业,76,26606.83979,0,正常
2025/2/8,西北,家居用品,个人,42,17660.54822,1,正常
2025/3/15,华东,食品饮料,经销商,9,3617.162106,0,正常
2025/3/31,华南,电子产品,经销商,79,23282.29363,0,正常
2025/1/19,西北,电子产品,经销商,40,3797.60278,0,正常
2025/2/8,西北,电子产品,企业,25,8990.499993,0,正常
2025/3/8,华北,家居用品,企业,5,794.249988,0,正常
2025/2/14,西北,电子产品,经销商,11,5059.790079,0,正常
2025/1/13,华南,家居用品,经销商,59,25205.9453,0,正常
2025/2/27,西南,服装鞋帽,个人,98,36183.78885,1,换货
2025/1/20,西南,电子产品,个人,88,41974.29985,1,正常
2025/3/13,西南,食品饮料,个人,79,5067.045755,0,正常
2025/3/2,西南,电子产品,企业,38,14489.02727,0,正常
2025/2/8,华北,服装鞋帽,经销商,72,14299.86605,0,正常
2025/1/1,西北,服装鞋帽,企业,5,2288.648243,0,正常
2025/1/3,西南,电子产品,经销商,48,8160.184248,0,正常
2025/3/18,华东,服装鞋帽,个人,90,33856.68822,0,正常
2025/3/3,西南,家居用品,个人,18,8008.940859,0,正常
2025/3/4,西北,家居用品,个人,70,4812.189779,0,正常
2025/1/25,西南,电子产品,个人,37,8470.8322,1,正常
2025/2/25,华北,家居用品,经销商,60,23582.34386,0,正常
2025/2/2,华南,家居用品,个人,48,12226.24801,1,正常
2025/2/7,华南,食品饮料,经销商,77,13110.30362,0,正常
2025/1/6,西北,电子产品,经销商,28,4169.547395,0,正常
2025/2/27,华南,服装鞋帽,企业,69,7533.642188,0,正常
2025/2/13,华南,电子产品,个人,77,33549.53925,0,正常
2025/2/14,华东,家居用品,个人,81,25021.70445,0,正常
2025/2/1,西北,食品饮料,企业,40,3374.92901,0,正常
2025/2/14,西北,电子产品,经销商,45,9997.251552,0,正常
2025/3/2,华南,电子产品,个人,96,20686.09371,0,正常
2025/2/16,华南,家居用品,经销商,62,8170.523421,0,正常
2025/1/21,华南,家居用品,企业,93,22875.99413,0,正常
2025/3/21,华北,电子产品,经销商,58,11567.79344,0,正常
2025/3/26,西南,家居用品,个人,67,13655.38172,0,正常
2025/3/16,华北,家居用品,经销商,56,21423.46926,0,正常
2025/2/5,西北,家居用品,经销商,40,6018.740939,0,换货
2025/1/19,华东,家居用品,个人,98,33206.02419,1,正常
2025/1/20,西南,家居用品,个人,40,12271.69323,0,正常
2025/2/26,华东,食品饮料,经销商,91,27813.38838,1,正常
2025/1/18,西北,家居用品,经销商,77,26823.20454,0,正常
2025/2/16,西北,服装鞋帽,企业,33,,0,退货
2025/2/18,华东,电子产品,个人,6,2673.98881,0,正常
2025/1/14,华东,食品饮料,经销商,88,31152.97164,0,正常
2025/1/15,华东,食品饮料,个人,19,5626.535799,0,正常
2025/1/31,西北,家居用品,企业,80,,1,正常
2025/1/1,华南,电子产品,经销商,40,12910.63817,0,正常
2025/2/23,华东,服装鞋帽,经销商,92,16653.37186,0,正常
2025/1/3,西南,家居用品,经销商,97,13889.69318,0,正常
2025/1/16,西北,电子产品,个人,59,6994.302709,1,正常
2025/3/28,华北,家居用品,企业,59,26830.53589,0,正常
2025/2/26,华北,家居用品,个人,48,17738.92533,0,正常
2025/3/16,西南,家居用品,经销商,41,19344.63218,0,正常
2025/1/12,华南,家居用品,企业,13,4179.257063,1,正常
2025/3/15,华东,家居用品,经销商,45,11836.36785,1,正常
2025/1/16,西北,家居用品,经销商,89,6841.645383,0,正常
2025/3/13,华东,家居用品,个人,53,18668.66841,1,正常
2025/3/17,西北,服装鞋帽,经销商,42,13103.74556,1,正常
2025/1/24,华北,食品饮料,企业,63,31222.42213,0,正常
2025/1/28,华东,服装鞋帽,经销商,27,4255.77915,0,正常
2025/1/8,西南,家居用品,经销商,38,10975.60878,0,正常
2025/2/5,华南,家居用品,个人,60,20575.84805,1,退货
2025/3/31,西南,服装鞋帽,企业,7,2380.4622,0,正常
2025/1/8,华南,服装鞋帽,个人,5,1512.910472,1,正常
2025/2/27,华东,食品饮料,经销商,45,17982.79221,0,正常
2025/3/1,华东,服装鞋帽,个人,58,8250.009569,1,正常
2025/2/19,华南,食品饮料,个人,31,11672.49944,0,正常
2025/1/28,华北,家居用品,个人,23,7564.252814,0,正常
2025/2/10,西北,电子产品,个人,42,19035.81961,1,正常
2025/3/5,西南,电子产品,经销商,10,4312.374976,1,正常
2025/1/27,西南,电子产品,经销商,32,,1,正常
2025/3/4,西南,电子产品,企业,53,9238.260201,0,正常
2025/1/17,华东,家居用品,个人,30,14752.31987,0,正常
2025/3/14,西南,电子产品,个人,39,11203.50393,0,正常
2025/2/2,西北,服装鞋帽,企业,31,14194.57245,0,正常
2025/3/25,西北,服装鞋帽,个人,82,10147.20978,0,正常
2025/3/18,华南,电子产品,企业,2,678.5370233,0,正常
2025/1/29,华东,服装鞋帽,经销商,78,32326.09258,0,正常
2025/1/13,西北,食品饮料,企业,77,36677.2454,1,正常
2025/2/15,华北,家居用品,个人,93,18767.6849,0,正常
2025/2/4,华东,电子产品,企业,12,4514.898318,0,正常
2025/1/6,华东,电子产品,经销商,39,11406.16831,0,正常
2025/3/23,西北,家居用品,个人,66,5100.679104,0,正常
2025/3/10,华北,服装鞋帽,经销商,96,34607.98865,0,正常
2025/2/16,华南,家居用品,经销商,13,4687.064866,1,正常
2025/1/25,西北,家居用品,企业,46,21563.56086,1,正常
2025/3/7,华北,服装鞋帽,经销商,27,7392.346221,1,正常
2025/1/10,华东,家居用品,个人,17,2611.419543,1,正常
2025/2/25,华北,服装鞋帽,经销商,95,6655.103452,0,正常
2025/1/30,华东,服装鞋帽,经销商,98,23229.82043,0,正常
2025/1/5,西北,家居用品,企业,60,11151.7509,0,正常
2025/2/2,西北,食品饮料,经销商,64,25119.34321,0,正常
2025/3/6,西南,服装鞋帽,企业,88,18429.00349,0,正常
2025/1/18,西南,家居用品,企业,35,16697.87134,0,正常
2025/2/18,西南,服装鞋帽,个人,70,33812.77139,0,正常
2025/1/11,西北,食品饮料,个人,83,27340.93584,0,正常
2025/3/26,华南,食品饮料,个人,30,14036.91387,0,正常
2025/1/26,西北,电子产品,个人,71,27859.29631,0,正常
2025/3/4,华北,服装鞋帽,企业,74,,0,正常
2025/3/30,西北,服装鞋帽,经销商,96,12589.30281,0,正常
2025/3/27,西北,家居用品,个人,98,25124.16931,0,正常
2025/2/28,华东,服装鞋帽,个人,63,,1,正常
2025/1/27,华东,电子产品,个人,28,12285.91592,0,正常
2025/2/18,华东,食品饮料,经销商,60,15996.00117,0,正常
2025/3/18,西北,食品饮料,个人,79,,1,正常
2025/2/2,华南,电子产品,经销商,94,33224.96181,0,正常
2025/1/1,华北,服装鞋帽,企业,37,4131.0344,0,正常
2025/1/21,华北,服装鞋帽,企业,93,46289.97031,0,正常
2025/2/24,华南,电子产品,企业,22,6319.603341,0,正常
2025/1/6,华南,家居用品,经销商,68,15390.86387,1,换货
2025/3/22,华北,食品饮料,个人,20,6932.02388,1,正常
2025/3/10,西南,电子产品,个人,96,9504.191164,0,正常
2025/1/5,华东,电子产品,个人,68,22878.08259,0,正常
2025/1/3,华东,服装鞋帽,个人,91,,0,正常
2025/2/22,华北,食品饮料,个人,64,14912.21322,0,正常
2025/1/23,华南,服装鞋帽,经销商,17,8140.603162,0,正常
2025/2/22,西南,电子产品,企业,12,3421.71447,0,正常
2025/2/6,华北,家居用品,个人,22,3269.263047,0,正常
2025/3/15,华东,食品饮料,企业,17,4361.070617,0,正常
2025/3/15,西北,电子产品,经销商,10,4637.243321,0,正常
2025/3/24,华南,电子产品,经销商,65,8400.792536,0,正常
2025/1/17,西北,家居用品,个人,-18,-2633.052013,0,正常
2025/3/26,华北,电子产品,经销商,90,5027.697494,1,正常
2025/3/19,华东,电子产品,企业,82,4623.612823,0,正常
2025/3/14,西南,食品饮料,个人,50,21161.31161,0,正常
2025/1/1,西北,食品饮料,个人,14,5312.372423,1,正常
2025/2/20,西南,食品饮料,企业,64,13425.18243,0,正常
2025/2/14,华东,服装鞋帽,个人,47,17119.28098,0,正常
2025/3/18,西北,家居用品,个人,29,6607.437338,0,正常
2025/1/4,西南,食品饮料,企业,76,36389.07042,0,正常
2025/3/3,西南,服装鞋帽,个人,36,17466.25344,0,正常
2025/3/6,西北,服装鞋帽,个人,99,22448.96271,0,正常
2025/2/1,华东,家居用品,企业,52,,0,正常
2025/2/3,西南,家居用品,经销商,76,30239.64523,1,正常
2025/3/13,华北,电子产品,企业,7,1326.499802,0,正常
2025/2/8,西北,服装鞋帽,个人,29,4478.119767,0,正常
2025/1/26,华南,食品饮料,企业,11,2818.261519,1,正常
2025/2/3,华南,家居用品,个人,33,13253.03028,0,正常
2025/2/23,华东,服装鞋帽,个人,6,2892.453019,1,正常
2025/1/3,华北,食品饮料,企业,79,31095.2359,0,正常
2025/2/19,西南,服装鞋帽,个人,32,13914.98058,1,正常
2025/1/12,华南,家居用品,经销商,51,,0,退货
2025/3/6,华东,电子产品,个人,75,,1,正常
2025/2/23,华北,服装鞋帽,企业,58,23373.38439,1,正常
2025/1/5,华北,食品饮料,经销商,87,19108.98397,0,正常
2025/2/26,华东,家居用品,经销商,26,7758.286535,0,正常
2025/1/17,华东,电子产品,个人,98,40389.61268,0,正常
2025/2/16,西南,食品饮料,企业,46,3253.374398,0,正常
2025/1/23,华东,食品饮料,个人,98,40536.29635,0,正常
2025/3/20,西南,食品饮料,个人,29,3771.440019,0,正常
2025/3/26,西南,服装鞋帽,企业,4,1126.430511,0,正常
2025/1/14,西北,家居用品,企业,81,33511.63977,0,正常
2025/3/7,华北,食品饮料,个人,99,,0,正常
2025/3/16,华北,服装鞋帽,经销商,13,,0,正常
2025/2/20,华北,家居用品,个人,39,9018.515193,0,正常
2025/2/7,西北,家居用品,经销商,15,6788.838884,0,正常
2025/3/5,西南,服装鞋帽,个人,29,1455.778298,0,正常
2025/2/7,西南,服装鞋帽,企业,29,13213.04941,0,正常
2025/2/19,华东,食品饮料,经销商,75,8940.987082,0,正常
2025/3/23,西北,家居用品,企业,32,15857.24382,0,正常
2025/1/30,华东,电子产品,企业,2,959.3622937,0,正常
2025/3/20,西北,服装鞋帽,企业,47,12812.38026,1,正常
2025/2/20,华东,家居用品,企业,78,21896.4807,0,正常
2025/3/4,华南,家居用品,企业,84,22402.56506,0,正常
2025/2/21,华北,食品饮料,个人,22,7390.892092,0,正常
2025/2/7,华北,电子产品,经销商,75,6811.85745,1,换货
2025/3/29,西南,食品饮料,个人,27,1746.308072,1,正常
2025/3/20,华南,电子产品,个人,67,5089.743292,0,正常
2025/1/30,华北,电子产品,个人,81,20247.11698,0,正常
2025/2/20,西南,服装鞋帽,企业,56,9743.808068,1,正常
2025/3/22,华南,家居用品,个人,92,30352.43788,0,正常
2025/1/5,华北,家居用品,经销商,93,46183.70981,0,正常
2025/1/29,华东,家居用品,个人,21,4700.753986,0,正常
2025/1/4,西北,电子产品,企业,47,14486.74252,0,正常
2025/1/10,华南,家居用品,经销商,80,18961.74025,1,正常
2025/2/25,西南,服装鞋帽,经销商,59,25445.06278,1,正常
2025/1/17,华南,电子产品,经销商,84,38304.53605,1,正常
2025/3/15,西南,电子产品,经销商,6,2668.860153,0,正常
2025/1/17,华南,电子产品,个人,19,9280.882641,1,正常
2025/3/25,西南,电子产品,企业,57,3555.867099,0,正常
2025/3/29,华北,服装鞋帽,经销商,69,29526.29183,0,正常
2025/3/10,华东,家居用品,经销商,3,1164.892434,1,正常
2025/2/3,华北,服装鞋帽,企业,1,152.9124842,0,正常
2025/1/6,华东,家居用品,个人,58,27859.95444,0,正常
2025/2/22,华北,服装鞋帽,经销商,38,4433.842573,0,正常
2025/3/7,华北,食品饮料,个人,15,5336.962008,1,正常
2025/3/18,华南,食品饮料,个人,34,5140.820317,0,正常
2025/2/12,西北,食品饮料,个人,61,,0,正常
2025/3/16,西南,食品饮料,个人,35,13076.76838,0,正常
2025/1/23,西南,电子产品,经销商,64,19423.74969,1,正常
2025/2/24,西南,电子产品,经销商,25,6059.395602,1,正常
2025/3/21,华东,服装鞋帽,个人,24,4724.455054,0,正常
2025/3/16,西南,服装鞋帽,个人,12,5134.162141,0,正常
2025/1/16,西南,食品饮料,企业,18,,0,正常
2025/1/8,华南,家居用品,企业,15,3653.194417,1,正常
2025/1/4,华北,食品饮料,企业,80,36535.27258,0,正常
2025/1/4,西南,服装鞋帽,经销商,27,11627.07204,1,正常
2025/2/25,西北,食品饮料,企业,72,,0,换货
2025/1/25,西南,服装鞋帽,经销商,60,23603.92582,1,正常
2025/3/8,华东,食品饮料,经销商,46,19339.4292,1,正常
2025/3/8,华东,家居用品,经销商,89,40049.94133,0,正常
2025/1/27,华东,食品饮料,经销商,17,5015.469133,1,正常
2025/2/1,西南,家居用品,企业,93,13206.68808,0,正常
2025/2/19,华南,家居用品,个人,53,8739.121475,0,正常
2025/3/2,西北,服装鞋帽,个人,8,,0,正常
2025/2/20,西南,家居用品,个人,79,,1,正常
2025/1/19,华南,电子产品,企业,27,1748.636933,0,正常
2025/1/21,华南,电子产品,个人,46,15466.0791,0,正常
2025/1/5,西南,电子产品,企业,50,10697.97036,0,正常
2025/3/23,西南,服装鞋帽,企业,71,12982.97559,0,正常
2025/2/11,华南,电子产品,企业,3,1337.32037,0,正常
2025/3/2,华南,服装鞋帽,个人,93,,0,正常
2025/1/22,华南,服装鞋帽,个人,64,5937.527711,1,正常
2025/1/21,西南,电子产品,个人,44,18569.58601,0,正常
2025/3/11,华南,家居用品,经销商,53,3786.24399,0,正常
2025/1/1,华东,食品饮料,企业,24,9048.891621,0,正常
2025/1/5,西南,服装鞋帽,经销商,60,23895.46799,0,正常
2025/1/12,华东,电子产品,企业,3,626.013518,1,正常
2025/3/31,华北,服装鞋帽,个人,20,8423.090707,1,正常
2025/2/15,西南,家居用品,企业,46,12974.1497,0,正常
2025/2/3,华北,家居用品,企业,15,3877.23216,1,正常
2025/2/18,华南,电子产品,经销商,25,,1,正常
2025/3/19,华南,服装鞋帽,企业,94,16968.23489,1,正常
2025/3/31,西北,食品饮料,个人,78,36578.44998,0,正常
2025/2/14,华南,食品饮料,企业,71,16068.77563,1,正常
2025/1/27,华北,服装鞋帽,企业,17,5032.258982,0,正常
2025/3/14,华南,服装鞋帽,企业,84,,0,正常
2025/1/26,西南,服装鞋帽,经销商,9,,0,正常
2025/2/16,华南,电子产品,企业,38,2948.759342,0,正常
2025/3/27,西北,家居用品,企业,48,10223.0071,0,正常
2025/2/25,华南,食品饮料,经销商,60,22524.46339,0,正常
2025/3/4,华北,电子产品,经销商,63,8835.883118,0,正常
2025/2/17,华北,服装鞋帽,经销商,86,12178.48321,1,正常
2025/3/2,华南,服装鞋帽,经销商,2,,1,正常
2025/3/22,华北,家居用品,个人,88,21724.28429,0,正常
2025/1/26,华北,服装鞋帽,个人,72,32200.59393,1,正常
2025/2/5,西北,电子产品,企业,11,806.9096708,1,正常
2025/1/1,西南,电子产品,个人,64,8704.218833,1,正常
2025/1/8,西北,家居用品,企业,77,14594.42925,0,正常
2025/2/21,华东,电子产品,个人,81,30721.36665,0,正常
2025/3/20,西北,食品饮料,经销商,72,24356.59321,1,正常
2025/2/16,华南,电子产品,经销商,21,4980.669898,0,正常
2025/2/25,西南,电子产品,个人,18,7048.458408,0,正常
2025/3/27,华南,电子产品,个人,94,30487.39179,0,正常
2025/1/14,华东,食品饮料,企业,64,29005.97503,0,正常
2025/3/31,西南,服装鞋帽,企业,82,34285.18704,0,正常
2025/1/28,华北,电子产品,企业,95,15557.78166,0,正常
2025/3/28,西北,家居用品,经销商,38,6541.599678,0,正常
2025/3/19,华南,食品饮料,经销商,32,3405.133251,1,正常
2025/3/29,华东,家居用品,经销商,11,2217.975392,1,换货
2025/1/2,华北,电子产品,经销商,45,22490.76435,0,正常
2025/1/26,西北,家居用品,企业,89,20700.3343,1,正常
2025/1/14,华北,电子产品,经销商,33,4924.253255,0,换货
2025/2/28,西北,食品饮料,经销商,41,16117.80922,0,正常
2025/2/25,西南,家居用品,经销商,8,,1,正常
2025/1/7,华北,家居用品,经销商,11,1290.527175,1,正常
2025/1/3,华北,电子产品,个人,86,19032.69066,1,正常
2025/1/23,华北,电子产品,企业,51,12062.07997,0,正常
2025/1/18,西南,服装鞋帽,企业,88,34251.65614,1,正常
2025/2/7,华东,电子产品,经销商,41,2431.386756,0,正常
2025/1/15,西北,电子产品,个人,17,2908.000298,1,正常
2025/3/5,华北,服装鞋帽,企业,76,21501.7935,1,正常
2025/3/30,西南,电子产品,企业,46,7865.127569,0,正常
2025/1/28,华东,电子产品,经销商,32,10649.45028,0,正常
2025/3/15,西北,服装鞋帽,经销商,79,21080.38889,1,正常
2025/2/8,西南,食品饮料,企业,80,17021.56917,0,正常
2025/2/26,西北,食品饮料,企业,54,25765.76963,0,正常
2025/1/17,华北,电子产品,个人,86,28764.57262,1,正常
2025/3/27,华东,电子产品,企业,92,9979.572812,0,正常
2025/3/31,西南,服装鞋帽,企业,20,,1,正常
2025/2/13,华东,服装鞋帽,经销商,33,13243.86802,0,正常
2025/1/25,华北,食品饮料,企业,74,27292.70693,0,正常
2025/1/17,华东,家居用品,经销商,40,5097.606127,1,退货
2025/1/13,华东,电子产品,企业,32,15602.84799,0,正常
2025/3/25,华南,家居用品,企业,97,24440.71564,0,正常
2025/1/25,华东,家居用品,企业,2,243.1225034,1,正常
2025/3/9,西北,服装鞋帽,个人,97,12715.54467,0,正常
2025/1/10,西南,电子产品,经销商,33,3108.789634,0,正常
2025/3/8,华南,电子产品,个人,77,31691.90246,0,正常
2025/1/18,西南,服装鞋帽,企业,30,3147.411673,1,正常
2025/3/27,西南,家居用品,个人,33,3508.110069,1,正常
2025/2/3,华北,服装鞋帽,经销商,77,33318.84145,1,正常
2025/1/8,华北,食品饮料,企业,26,5331.867788,0,正常
2025/2/9,华南,电子产品,个人,22,1405.493253,1,正常
2025/3/24,华北,食品饮料,个人,66,4841.290396,0,正常
2025/2/11,华北,服装鞋帽,经销商,38,4331.114639,0,正常
2025/2/10,华北,电子产品,个人,90,13142.43059,0,正常
2025/1/6,西南,食品饮料,经销商,46,16068.52622,1,换货
2025/2/21,华南,食品饮料,企业,15,1811.95239,1,正常
2025/1/26,西南,家居用品,企业,98,10142.36065,0,正常
2025/3/5,西北,电子产品,个人,44,17341.439,0,正常
2025/2/28,西南,食品饮料,企业,49,,1,正常
2025/2/25,西北,食品饮料,企业,75,18442.19247,0,正常
2025/2/28,华东,家居用品,个人,61,18128.55323,1,正常
2025/3/11,华东,食品饮料,企业,67,12756.31821,0,正常
2025/2/2,西北,食品饮料,个人,6,,0,正常
2025/2/22,西北,食品饮料,经销商,9,2502.024228,0,正常
2025/1/22,西南,家居用品,经销商,6,1345.540632,0,正常
2025/1/21,西北,食品饮料,经销商,73,33430.89712,1,正常
2025/3/11,华南,食品饮料,个人,95,5436.644728,0,正常
2025/3/11,华东,电子产品,个人,32,,1,正常
2025/1/4,华东,电子产品,企业,41,4344.863236,0,正常
2025/3/16,西北,家居用品,企业,76,31076.11973,0,正常
2025/3/3,华北,服装鞋帽,企业,8,,0,正常
2025/3/3,华北,电子产品,企业,72,30922.21015,0,正常
2025/1/24,西北,家居用品,企业,50,4694.072327,1,正常
2025/2/24,华南,食品饮料,个人,92,27741.79825,0,正常
2025/1/9,华北,食品饮料,个人,62,17080.35186,0,正常
2025/1/3,西北,家居用品,经销商,84,30894.10232,0,正常
2025/1/31,华南,食品饮料,经销商,62,18006.7064,0,正常
2025/2/9,华南,食品饮料,经销商,7,2053.313886,0,正常
2025/2/5,西南,服装鞋帽,经销商,75,,1,正常
2025/1/24,华南,食品饮料,个人,84,15873.94123,0,正常
2025/1/6,华北,电子产品,个人,80,21361.51701,0,正常
2025/3/7,华北,食品饮料,个人,4,413.2862458,0,正常
2025/3/25,西北,家居用品,企业,6,,1,正常
2025/3/16,西北,服装鞋帽,企业,58,21546.12093,0,正常
2025/1/4,华南,食品饮料,经销商,22,10529.42446,0,正常
2025/3/20,华东,家居用品,企业,26,3952.710373,0,正常
2025/1/6,西南,电子产品,个人,3,1337.110377,0,正常
2025/2/20,华东,食品饮料,经销商,41,16972.17522,0,正常
2025/3/3,华南,服装鞋帽,经销商,60,21283.11514,0,正常
2025/2/26,华南,食品饮料,企业,14,4637.683872,1,正常
2025/3/7,华东,家居用品,经销商,75,14433.5512,0,正常
2025/3/20,西南,服装鞋帽,企业,82,34225.55797,1,正常
2025/3/16,华东,食品饮料,企业,12,3308.183492,0,正常
2025/1/8,西北,电子产品,经销商,87,7125.405196,0,正常
2025/1/26,华北,服装鞋帽,企业,12,2289.461069,0,正常
2025/2/20,西北,电子产品,企业,13,6121.488026,0,正常
2025/2/14,华北,家居用品,企业,25,10820.15293,1,正常
2025/2/13,华南,食品饮料,企业,45,22133.59039,0,正常
2025/1/5,西南,电子产品,经销商,19,6319.343421,0,退货
2025/3/11,华东,家居用品,个人,55,8875.87431,0,正常
2025/1/26,西南,食品饮料,个人,45,5547.004756,1,正常
2025/3/9,华东,家居用品,企业,8,1072.891986,0,正常
2025/1/19,西北,电子产品,企业,93,,1,正常
2025/3/25,西北,家居用品,企业,53,11967.76835,0,正常
2025/1/20,华东,服装鞋帽,个人,55,7487.835092,0,正常
2025/1/12,西南,食品饮料,企业,32,7527.838631,0,正常
2025/2/16,华东,家居用品,经销商,51,24008.12221,0,正常
2025/1/1,华南,电子产品,经销商,44,10724.69615,0,正常
2025/3/31,西北,食品饮料,经销商,82,,0,正常
2025/1/14,华南,服装鞋帽,个人,70,22573.40015,1,正常
2025/3/5,西北,食品饮料,企业,18,2901.765593,1,正常
2025/2/7,西北,服装鞋帽,企业,83,17441.17526,1,正常
2025/2/6,华北,食品饮料,企业,22,1930.803405,0,正常
2025/1/11,华南,家居用品,个人,37,7402.152183,0,正常
2025/3/18,华南,家居用品,个人,96,34069.76885,0,正常
2025/1/3,华北,电子产品,个人,56,4617.199542,1,正常
2025/2/2,西南,服装鞋帽,个人,59,8403.407395,1,正常
2025/1/6,华南,电子产品,经销商,3,,0,正常
2025/2/19,华东,家居用品,个人,28,13773.82417,0,正常
2025/1/10,华北,服装鞋帽,个人,74,29835.8987,0,正常
2025/1/5,华南,电子产品,个人,35,,0,正常
2025/1/23,西南,电子产品,企业,61,6239.441757,0,换货
2025/1/10,华南,电子产品,企业,93,37334.67815,0,正常
2025/2/13,西北,电子产品,企业,54,21782.03212,1,正常
2025/1/2,华东,电子产品,经销商,63,20191.26142,0,正常
2025/1/13,华北,服装鞋帽,经销商,79,,0,正常
2025/2/9,西北,电子产品,个人,97,19047.33299,1,正常
2025/1/2,西南,服装鞋帽,企业,7,3315.008212,0,正常
2025/3/25,西北,电子产品,经销商,76,35083.80413,0,正常
2025/3/6,西北,家居用品,企业,49,2703.148547,0,正常
2025/3/4,西南,家居用品,经销商,94,,0,正常
2025/3/14,西北,电子产品,经销商,85,41624.23691,0,正常
2025/1/17,华北,食品饮料,个人,31,2988.543006,1,正常
2025/1/9,华南,家居用品,个人,58,,0,正常
2025/3/16,西北,服装鞋帽,经销商,61,29922.38357,0,正常
2025/1/15,华北,电子产品,个人,24,7199.35058,0,正常
2025/1/24,华南,服装鞋帽,经销商,20,2708.337727,0,退货
2025/2/7,华南,食品饮料,经销商,37,11543.35078,1,正常
2025/2/4,西北,电子产品,企业,4,567.9930331,1,正常
2025/2/18,华北,家居用品,个人,92,,0,正常
2025/3/10,西北,服装鞋帽,个人,20,1666.379961,1,换货
2025/3/3,西南,家居用品,个人,60,,0,正常
2025/3/1,华南,家居用品,企业,24,6781.331343,1,正常
2025/2/19,西北,电子产品,企业,50,19153.6308,0,正常
2025/3/19,华南,服装鞋帽,企业,49,16356.94539,1,正常
2025/3/16,华北,食品饮料,个人,51,15163.46386,1,正常
2025/1/9,华东,家居用品,个人,96,34598.44629,0,正常
2025/2/3,西北,电子产品,个人,36,4131.859,0,正常
2025/3/17,西北,电子产品,企业,98,31155.36106,1,正常
2025/2/4,华南,食品饮料,企业,66,8411.684904,1,正常
2025/1/1,华北,电子产品,经销商,79,36852.31449,0,正常
2025/2/9,西南,家居用品,企业,34,2745.511804,1,正常
2025/3/5,华北,电子产品,经销商,36,8772.070945,0,正常
2025/1/22,西北,服装鞋帽,个人,6,2178.65319,0,正常
2025/3/1,西南,服装鞋帽,企业,39,9988.289815,0,正常
2025/3/5,华北,家居用品,个人,42,3840.600286,0,正常
2025/3/13,华东,服装鞋帽,个人,58,17343.19232,1,正常
